{
  "id": "405b7d63-6689-4839-a50c-b450ed87b8fb",
  "generation": 278,
  "setup": [],
  "predict": [
    {
      "op": "Exp",
      "out_addr": 1,
      "in1_addr": 44,
      "in2_addr": 18,
      "constant": -0.7961149172260706,
      "model_id": null
    },
    {
      "op": "GaussianSample",
      "out_addr": 44,
      "in1_addr": 7,
      "in2_addr": 30,
      "constant": 0.7248114774046988,
      "model_id": null
    }
  ],
  "learn": [
    {
      "op": "Add",
      "out_addr": 22,
      "in1_addr": 40,
      "in2_addr": 32,
      "constant": 0.42308976776538687,
      "model_id": null
    }
  ],
  "fitness": 1.5962632848532259
}