{
  "id": "691275cc-7f3f-4f60-93a1-d71647737620",
  "generation": 1885,
  "setup": [],
  "predict": [
    {
      "op": "Divide",
      "out_addr": 1,
      "in1_addr": 26,
      "in2_addr": 0,
      "constant": -0.6735468197849632,
      "model_id": null
    },
    {
      "op": "Cos",
      "out_addr": 26,
      "in1_addr": 8,
      "in2_addr": 0,
      "constant": -0.03736597547200518,
      "model_id": null
    }
  ],
  "learn": [],
  "fitness": 5469.841181397369
}