{
  "id": "3c28a55a-1140-4859-bc02-d79779538935",
  "generation": 1204,
  "setup": [
    {
      "op": "Exp",
      "out_addr": 29,
      "in1_addr": 14,
      "in2_addr": 47,
      "constant": -0.6914211591476817,
      "model_id": null
    }
  ],
  "predict": [
    {
      "op": "Exp",
      "out_addr": 1,
      "in1_addr": 50,
      "in2_addr": 44,
      "constant": 0.3573486893101568,
      "model_id": null
    },
    {
      "op": "Exp",
      "out_addr": 50,
      "in1_addr": 40,
      "in2_addr": 6,
      "constant": 1.323633148771816,
      "model_id": null
    }
  ],
  "learn": [
    {
      "op": "Exp",
      "out_addr": 40,
      "in1_addr": 29,
      "in2_addr": 46,
      "constant": -0.348381046801304,
      "model_id": null
    },
    {
      "op": "Sin",
      "out_addr": 29,
      "in1_addr": 18,
      "in2_addr": 11,
      "constant": 0.7124547889778989,
      "model_id": null
    }
  ],
  "fitness": 152570.83610516373
}